ISIN	Currency	Total Buy Count	Total Sell Count	Total Buy Quantity	Total Sell Quantity	Weighted Average Buy Price	Weighted Average Sell Price	Max Buy Price	Min Sell Price
GB00BYZN9041	GBX	220	201	43705	40957	4280.974716851619	4524.257147740313	187100000	185300000
IL0010849045	GBX	62	78	451727	478384	7.393846283264007	7.023646275795177	3340000	3360000
GB0000667013	GBX	99	92	24814	22884	3935.2784718304183	4175.406397482958	97650000	95550000
FR0010361683	EUR	24	8	9528	3176	262.30058774139377	782.3992443324937	2499200	2484900
FR0010869578	EUR	0	34	0	1496	0	2406.4171122994653	0	3600000
LU0252633754	EUR	34	34	13600	10015	943.9705882352941	1274.0888666999501	12838000	12760000
LU1681047236	EUR	34	34	74800	74800	120.36096256684492	121.1096256684492	9003000	9059000
LU1834983550	EUR	18	22	2052	2508	4319.736842105263	3472.2089314194577	8864100	8708300
LU1829219390	EUR	33	33	6600	6600	1321.0454545454545	1310.7727272727273	8718900	8651100
FR0010405431	EUR	1	4	10728	42912	8.80965697240865	2.207774049217002	94510	94740
FR0010869495	EUR	34	34	1081200	1081200	0.14842767295597484	0.1471698113207547	160480	159120
FR0010655712	EUR	8	14	320	560	77578.125	44330.357142857145	24825000	24825000
GB00B635TG28	GBX	189	229	2493994	3207127	1.1387356986424186	0.8652604028465353	2840000	2775000
CH0100191136	CHF	16	19	364654	503318	0.009652986118347804	0.006953854223373693	3520	3500
CH0008038389	CHF	371	397	26170	40479	341.9946503630111	218.50836236073025	8950000	8845000
CH0024608827	CHF	1075	812	6898	3963	15076.833864888373	26015.644713600806	104000000	103100000
CH0276837694	CHF	266	231	73740	69002	22.321670735014916	23.59351902843396	1646000	1628000
CH0108503795	CHF	295	236	3117824	1873686	0.01850649683882092	0.03050137536385499	57700	57150
CH0010570767	CHF	333	306	889	894	1199100.1124859392	1167785.2348993288	1066000000	1044000000
CH0012268360	CHF	102	134	158345	189855	1.7840790678581577	1.522214321455848	282500	289000
CH0011339204	CHF	191	288	64397	96365	11.848378030032455	7.648004981061589	763000	737000
GB0009292243	GBX	214	163	31644	32505	5941.094678296044	5756.037532687279	188000000	187100000
GB0009039941	GBX	191	106	247182	230881	39.485075774125946	41.081769396355696	9760000	9485000
GB0004726096	GBX	171	176	180972	174581	152.06772318369693	155.57248497831952	27520000	27160000
IE00B1RR8406	GBX	1381	1226	193795	152714	1660.5175572125183	2068.5726259543985	321800000	315900000
GB00B572ZV91	GBX	104	128	1021208	1071340	2.4382887717291677	2.2775216084529655	2490000	2440000
GB0007990962	GBX	143	128	63862	65493	760.0764147693465	728.6274869069977	48540000	47720000
AU000000S320	GBX	116	178	214144	213367	110.67319187089062	110.13886870978173	23700000	23500000
GB00B082RF11	GBX	961	929	503213	459804	106.078340583411	115.52748562430949	53380000	53120000
GB00BVFNZH21	GBX	247	247	188220	251454	141.21772394007013	104.67123211402483	26580000	26320000
GB00B0WMWD03	GBX	279	290	219164	225401	167.08948549944333	159.18296724504327	36620000	35880000
IM00B7S9G985	GBX	145	121	66809	113115	725.6507356793246	421.5179242363966	48480000	47680000
GB00B7N0K053	GBX	85	125	211470	210905	55.23242067432733	55.285555107749936	11680000	11660000
GB00B3MBS747	GBX	1339	1140	343940	295503	272.7219863929755	311.87500634511326	93800000	92160000
GB00B17BBQ50	GBX	254	254	161043	159067	291.2886620343635	289.3120508967919	46910000	46020000
GB00B06QFB75	GBX	264	266	132017	130286	635.9029518925593	638.9788618884608	83950000	83250000
GB00BYT1DJ19	GBX	1000	898	170037	138056	919.7998082770221	1113.3163354001274	156400000	153700000
GB0005576813	GBX	974	1066	337631	387954	201.04788955990415	173.31951726235584	67880000	67240000
GB0004478896	GBX	143	199	148272	218692	155.12031941297076	104.02758217035831	23000000	22750000
GB0004052071	GBX	873	886	113938	117221	1999.3329705629378	1919.4512928570819	227800000	225000000
GB0004161021	GBX	757	249	848352	567119	14.722662291124438	21.864899606608137	12490000	12400000
GB00B63QSB39	GBX	265	214	51137	42647	4071.4160001564424	4863.179121626375	208200000	207400000
IE0003864109	GBX	131	174	303258	323116	33.37092508688971	31.134329466816872	10120000	10060000
JE00B55Q3P39	GBX	170	155	287575	245212	48.682952273320005	56.52251928943119	14000000	13860000
GB0003452173	GBX	254	244	424803	611145	30.531799445860788	20.960655818177354	12970000	12810000
GB00B0744359	GBX	181	157	147021	132329	168.68338536671632	184.01106333456764	24800000	24350000
GB0006886666	GBX	269	141	143050	47683	1016.4278224397063	3049.3047836755236	145400000	145400000
GB00BYN59130	GBX	168	150	119675	142045	229.45477334447463	192.75581681861382	27460000	27380000
GB00BD6GN030	GBX	223	352	279974	407992	56.648117325180195	38.66497382301614	15860000	15775000
GB00B8VZXT93	GBX	156	141	90553	99944	308.3277196779786	276.15464660209716	27920000	27600000
GB00B15FWH70	GBX	134	151	2097656	1518735	1.020663063915151	1.359025768155735	2141000	2064000
JE00B5TT1872	GBX	103	202	397823	539098	23.93024033301242	17.098931919613875	9520000	9218000
GB0007668071	GBX	181	205	51605	47500	2218.777250266447	2397.8947368421054	114500000	113900000
GB0001859296	GBX	259	191	90161	82024	1004.3145040538592	1093.5823661367406	90550000	89700000
GB00B0N8QD54	GBX	222	170	107599	68226	800.6579986802851	1248.7907835722451	86150000	85200000
GB00B11V7W98	GBX	100	135	17078	30151	5855.486590935707	3316.639580776757	100000000	100000000
FI0009003230	EUR	33	0	2308746	0	0.016892286981764128	0	39000	0
DE0007664005	EUR	0	34	0	3536	0	6891.968325791855	0	24370000
DE000SHA0159	EUR	68	0	10982	0	45.98433800764888	0	505000	0
DE0006204407	EUR	0	34	0	374	0	23930.48128342246	0	8950000
DE000A0LD2U1	EUR	34	0	1887	0	651.8282988871224	0	1230000	0
ES0105066007	EUR	0	34	0	170	0	32705.882352941175	0	5560000
DE000A1ML7J1	EUR	0	68	0	986	0	3896.551724137931	0	3842000
AT0000A18XM4	CHF	242	304	119792	199897	7.003806598103379	4.083102797940939	839000	816200
CH0023405456	CHF	349	287	32959	48789	124.48800024272582	82.94902539506856	4103000	4047000
GB00B61TVQ02	GBX	260	302	82100	71050	1013.3982947624847	1165.3764954257565	83200000	82800000
BMG396372051	NOK	108	48	81600	36000	134.25245098039215	302.0833333333333	10955000	10875000
FI4000074984	EUR	33	0	957	0	2089.864158829676	0	2000000	0
GB00BRS65X63	GBX	326	274	267566	237437	114.43905428940897	127.61279834229711	30620000	30300000
DE000TUAG000	GBX	186	164	489421	440694	31.629210843016544	34.218754963761704	15480000	15080000
CH0244767585	CHF	1427	1242	815206	631076	1.9761876139282586	2.5432752948931667	1611000	1605000
BE0974268972	EUR	0	34	0	4250	0	209.41176470588235	0	890000
GB0003385308	GBX	266	240	31981	29278	10740.752321691005	11664.048090716578	343500000	341500000
GB00B67G5X01	GBX	158	175	61502	54919	968.261194757894	1068.8468471749304	59550000	58700000
JE00BN574F90	GBX	220	131	41601	20242	5653.7102473498235	11436.616935085465	235200000	231500000
GB00B82YXW83	GBX	119	134	82230	64837	434.8777818314484	547.2184092416367	35760000	35480000
GB00B8SC6K54	GBX	150	122	619036	546729	26.18587610413611	29.612477113890062	16210000	16190000
GB00B19Z2J52	GBX	185	152	763182	627226	10.207263798150375	12.228447162585734	7790000	7670000
GB0009064097	GBX	218	184	180591	128903	227.8629610556451	313.8018510042435	41150000	40450000
GG00BBHX2H91	GBX	224	156	656107	858120	21.825708306724362	16.734256281172797	14320000	14360000
GB0008794710	GBX	175	147	20805	20377	10237.923576063446	10379.349266329686	213000000	211500000
GB0001048619	GBX	166	135	1327654	417543	6.703553787357248	20.93197586835368	8900000	8740000
GB0009887422	GBX	272	199	181393	184496	115.77072985175833	111.98074755008238	21000000	20660000
GB00B135BJ46	GBX	226	207	42768	42258	2478.488589599701	2413.744143120829	106000000	102000000
GB00BNLPYF73	GBX	169	183	313951	145010	77.08209242843628	165.85063099096615	24200000	24050000
GB0007958233	GBX	159	170	198913	207913	73.7005625575	69.93309701654057	14660000	14540000
GB0008025412	GBX	189	131	766789	680987	4.421033687233385	4.9046457568206145	3390000	3340000
GB00B60BD277	GBX	122	106	168426	178858	82.17258618028096	75.8143331581478	13840000	13560000
GB00BYZDVK82	GBX	232	194	53226	49730	2684.778115958366	2861.4518399356525	142900000	142300000
GB0007826091	GBX	186	148	82098	40270	1093.8147092499207	2229.9478519990066	89800000	89800000
GB00B1N7Z094	GBX	260	180	61040	50834	1908.5845347313236	2242.5935397568555	116500000	114000000
GB0007323586	GBX	225	167	10719	11958	39276.05187051031	34788.42615822044	421000000	416000000
GG00BBHXCL35	GBX	96	313	70633	138985	934.407429954837	482.0664100442494	66000000	67000000
GB00B1L5QH97	GBX	78	193	206234	342986	42.669976822444404	25.744491028788346	8800000	8830000
GB0007366395	GBX	180	188	33355	41437	7510.118423025034	6021.188792624948	250500000	249500000
GB0002148343	GBX	215	128	19408	19956	9738.252267106347	9330.527159751453	189000000	186200000
GB00B19Z1432	GBX	188	152	191098	163324	110.93784341018744	129.49719575812495	21200000	21150000
GB00BKRC5K31	GBX	156	171	83113	70730	507.7424710935714	590.9797822706065	42200000	41800000
GB00BJ62K685	GBX	188	206	142371	114059	249.20805501120313	304.5792090058654	35480000	34740000
GB0004220025	GBX	354	211	83737	50426	2663.0999438718845	4303.335580851148	223000000	217000000
GB00B02QND93	GBX	131	132	54825	74971	1092.5672594619243	792.306358458604	59900000	59400000
GB00B2NGPM57	GBX	166	291	80765	82227	716.2756144369467	693.8110353047052	57850000	57050000
GB00BD7XPJ64	GBX	93	143	277358	369471	32.05243764376726	23.601311063655874	8890000	8720000
GB0006215205	GBX	183	200	246596	223402	77.29241350224659	83.92941871603657	19060000	18750000
GG00B3KX4Q34	GBX	10	0	7130	0	1141.6549789621317	0	8140000	0
GB0006111909	GBX	201	167	67596	49923	1869.9331321379964	2511.868277146806	126400000	125400000
GB00BZ6STL67	GBX	144	193	414665	592702	21.414877069441598	14.948490135008823	8880000	8860000
GB0004657408	GBX	155	133	349845	355121	22.552844831282425	22.1614604599559	7890000	7870000
GB00B012BV22	GBX	113	116	43683	51612	1091.9579699196483	918.778578625126	47700000	47420000
GB00B1ZBKY84	GBX	220	198	221761	237652	98.39421719779402	90.55257266928113	21820000	21520000
GB0030517261	GBX	55	118	18441	22441	5861.938072772627	4768.058464417807	108100000	107000000
GB0006027295	GBX	237	151	122556	107219	248.86582460263062	281.66649567707213	30500000	30200000
GB00B1JQDM80	GBX	129	107	551534	676368	8.790029263835049	7.0316750644619495	4848000	4756000
GB00B1FP6H53	GBX	89	94	114098	98395	167.83817420112536	192.69271812592103	19150000	18960000
BMG5361W1047	GBX	167	145	78193	77889	615.6561329019222	612.1531923634916	48140000	47680000
GB00B4WFW713	GBX	319	212	476857	378559	51.62973386151404	63.9794589482749	24620000	24220000
GB0004866223	GBX	206	205	35663	48702	2187.140734094159	1583.097203400271	78000000	77100000
GB00B53P2009	GBX	186	122	237320	237128	50.691050058992076	49.71998245673223	12030000	11790000
GB00BCRX1J15	GBX	174	158	453647	294508	17.138876703692517	25.78877314028821	7775000	7595000
GB0003450359	GBX	185	178	82780	70606	973.6651365064025	1144.3786647027164	80600000	80800000
GB0001638955	GBX	119	145	42938	58587	1377.567655689599	986.5669858501033	59150000	57800000
GB00BKZGVH64	GBX	150	209	120613	74684	648.3546549708572	1039.0445075250389	78200000	77600000
GB00B128J450	GBX	135	172	336478	515222	24.474111234612664	15.905764893579855	8235000	8195000
GB00B188SR50	GBX	169	200	864262	984891	19.484832145807637	17.078031985265376	16840000	16820000
GB00BYXJC278	GBX	197	287	147730	177826	138.6312868070128	114.60641301047092	20480000	20380000
GG00BR30MJ80	GBX	200	227	30576	48573	7931.057038199895	4941.016614168365	242500000	240000000
GB00BYYTFB60	GBX	368	251	276241	103750	428.61124887326645	1139.2771084337348	118400000	118200000
GB00B1FW5029	GBX	125	135	477488	483445	17.623479542941393	17.08570778475318	8415000	8260000
GB0004270301	GBX	205	100	24193	21141	5166.783780432356	5808.618324582565	125000000	122800000
GB00B012TP20	GBX	175	80	206770	119338	81.49151230836195	138.430340712933	16850000	16520000
GB00B04V1276	GBX	143	156	113665	125759	259.88650859983284	232.03110711758205	29540000	29180000
GB0003753778	GBX	230	189	96206	62224	1592.4162734133006	2465.2867060941117	153200000	153400000
GB0002074580	GBX	332	181	33222	20072	8247.546806333152	13332.004782781985	274000000	267600000
JE00B6173J15	GBX	131	185	328571	442457	34.20874027226992	25.358396409142582	11240000	11220000
GB00B1XH2C03	GBX	249	191	412537	283815	35.07564170001721	49.71548367774783	14470000	14110000
GB0003395000	GBX	49	2	23743	715	1516.2363644021395	50419.58041958042	36000000	36050000
GB0003466074	GBX	73	86	23898	30617	3803.6655787095156	2968.9388248358755	90900000	90900000
GB0007816068	GBX	183	189	84166	82935	1021.7902716061118	1036.9566528003859	86000000	86000000
GB00BK1PKQ95	GBX	153	138	224205	179706	134.47514551415	167.21756646967825	30150000	30050000
GB00B62Z3C74	GBX	158	266	194534	267992	124.65687232051981	90.48777575450013	24250000	24250000
GG00B4ZPCJ00	GBX	148	241	568426	735386	20.231305394193793	15.610849268275436	11500000	11480000
GB0002418548	GBX	114	76	204009	167257	58.23272502683705	69.47392336344667	11880000	11620000
GB0003052338	GBX	152	160	91903	92309	670.2719171300175	668.4071975647012	61600000	61700000
GB0003096442	GBX	525	649	140227	226575	783.7292390195896	481.07690610173233	109900000	109000000
GB00BRB37M78	GBX	158	69	41687	42667	1085.4702904982369	1061.7104553870672	45250000	45300000
GB00B1VNSX38	GBX	207	210	88640	91621	825.8122743682311	775.4772377511706	73200000	71050000
GB0001826634	GBX	250	200	30614	29304	8839.093225321749	9179.63417963418	270600000	269000000
GB0009633180	GBX	660	743	51881	60028	6958.231337098359	5873.9255014326645	361000000	352600000
GB00B1CKQ739	GBX	172	164	60830	54160	1363.6363636363637	1513.109305760709	82950000	81950000
GB0002318888	GBX	127	149	12501	13038	26269.89840812735	25003.834944009817	328400000	326000000
GB0001990497	GBX	261	201	193758	217126	212.89443532654136	189.5212917844938	41250000	41150000
GB00BYPHNG03	GBX	224	163	203552	168801	141.88020751454175	169.07482775575974	28880000	28540000
GB00B14SKR37	GBX	169	72	134454	76174	195.97780653606438	331.47793210281725	26350000	25250000
GB00BF044593	GBX	247	242	195824	169512	108.26047879728736	123.8850346878097	21200000	21000000
GB0001639920	GBX	79	146	8833	13412	42963.88542963885	28258.276170593497	379500000	379000000
GB0002018363	GBX	156	147	14850	10158	24579.12457912458	35292.38038984052	365000000	358500000
GB00BV9FP302	GBX	193	194	15547	20693	16659.162539396668	12477.649446672787	259000000	258200000
GB00BLY2F708	GBX	52	135	365292	600603	13.85193215290781	8.283341908049078	5060000	4975000
GB0002869419	GBX	196	167	41082	46113	3446.7650065722214	3018.6715242990044	141600000	139200000
GB0001765816	GBX	231	294	1477282	2019112	34.72593587412559	25.407208713533475	51300000	51300000
GB00B3FLWH99	GBX	224	154	90138	69719	680.6230446648473	875.6579985369842	61350000	61050000
GG00B1NP5142	GBX	124	125	14702	9944	30778.12542511223	45353.982300884956	452500000	451000000
GB0000961622	GBX	101	101	133558	85950	215.4869045658066	330.42466550319955	28780000	28400000
GB00BG49KP99	GBX	358	265	686272	561358	28.1229599925394	33.91774945756541	19300000	19040000
GB00B6XZKY75	GBX	135	165	51497	71928	1050.5466337844923	741.0187965743521	54100000	53300000
GB00BBG9VN75	GBX	799	609	81637	67022	3009.6647353528424	3625.6751514428097	245700000	243000000
GB0000066554	GBX	190	245	43192	63649	2926.467864419337	1985.8913729987903	126400000	126400000
GB00BYM8GJ06	GBX	191	160	138303	134618	185.24543936140213	186.3049517895081	25620000	25080000
GB00BJTNFH41	GBX	111	94	619805	481784	6.660159243633078	8.310778274081331	4128000	4004000
GB00BVGBWW93	GBX	197	202	812853	881610	8.654701403574816	7.900318735041572	7035000	6965000
DE000ZAL1111	EUR	34	34	272	1802	7352.941176470588	1886.7924528301887	2000000	3400000
DE000WCH8881	EUR	0	34	0	4148	0	4327.3866923818705	0	17950000
DE000SYM9999	EUR	34	0	408	0	22058.823529411766	0	9000000	0
LU0061462528	EUR	0	34	0	272	0	18658.08823529412	0	5075000
DE000A0D9PT0	EUR	0	34	0	238	0	84873.94957983193	0	20200000
DE0006335003	EUR	0	34	0	204	0	54362.74509803922	0	11090000
DE0008402215	EUR	34	68	612	510	21405.228758169935	33725.490196078434	13100000	17200000
DE0005909006	EUR	34	0	272	0	9191.176470588236	0	2500000	0
DE0006602006	EUR	0	34	0	204	0	21078.43137254902	0	4300000
DE0005773303	EUR	0	34	0	6936	0	717.2722029988466	0	4975000
DE0005408116	EUR	34	34	2618	578	1071.8105423987777	6716.262975778547	2806000	3882000
NL0000235190	EUR	0	102	0	748	0	16042.7807486631	0	12000000
FR0000124570	EUR	0	34	0	1462	0	1641.5868673050616	0	2400000
FR0010259150	EUR	0	34	0	272	0	47794.117647058825	0	13000000
FR0000121329	EUR	0	34	0	204	0	62205.882352941175	0	12690000
FR0000130452	EUR	34	0	306	0	22875.816993464054	0	7000000	0
CH0012255144	CHF	324	406	29951	30585	155.7210109846082	149.223475559915	4664000	4564000
CH0024638212	CHF	259	466	8479	18971	2122.891850454063	925.6233198039113	18000000	17560000
CH0018294154	CHF	371	237	21291	12665	553.7551077920248	926.9640742202921	11790000	11740000
CH0010570759	CHF	167	137	167	140	65449101.796407185	76642857.14285715	10930000000	10730000000
IE0002424939	GBX	743	851	34949	38135	15296.575009299264	13934.705650976794	534600000	531400000
GB00B1Z4ST84	GBX	135	137	109047	117052	175.06212917365906	161.637562792605	19090000	18920000
FO0000000179	NOK	7	7	665	665	93007.51879699249	93007.51879699249	61850000	61850000
DE0007030009	EUR	0	68	0	952	0	21155.462184873948	0	20140000
DE0005408884	EUR	34	0	2108	0	310.72106261859585	0	655000	0
DE0002635307	EUR	0	8	0	96	0	45791.666666666664	0	4396000
DE0005933931	EUR	244	34	182516	12916	63.76427272129567	896.4075565190461	11638000	11578000
DE000ETFL011	EUR	32	31	12800	12400	962.5	988.0645161290323	12320000	12252000
LU0274211480	EUR	67	66	13506	13004	973.197097586258	1004.4601661027376	13144000	13062000
GB00BDVZYZ77	GBX	287	294	372698	331212	72.2837256974816	80.49225269615835	26940000	26660000
IE0001827041	GBX	1840	1928	177438	195503	1828.2442317880048	1647.0335493572989	324400000	322000000
CH0011075394	CHF	1587	1448	28648	28862	1548.799218095504	1524.8423532672718	44370000	44010000
JE00B8KF9B49	GBX	1327	1334	428220	428928	191.49035542478165	189.44904506117578	82000000	81260000
GB00BM8B5H06	GBX	55	100	11569	33807	4271.760739908375	1460.6442452746473	49420000	49380000
GB00BN7SWP63	GBX	2186	1907	548552	537180	267.9782408960317	265.5348300383484	147000000	142640000
GB00BMX86B70	GBX	1048	883	952069	784637	28.747916380010274	33.544173930110354	27370000	26320000
FR001400AJ45	EUR	0	34	0	1020	0	2843.1372549019607	0	2900000
GB00B1KJJ408	GBX	910	973	87410	109066	3085.459329596156	2440.723965305411	269700000	266200000
GB0009465807	GBX	192	250	43209	45390	3863.77837950427	3630.755673055739	166950000	164800000
GB00BNHSJN34	GBX	265	225	519803	487815	22.17186126282457	23.195268698174512	11525000	11315000
FI0009003727	EUR	0	33	0	5181	0	175.6417679984559	0	910000
GB00BPQY8M80	GBX	1343	1404	729157	738672	64.44428291849354	62.950809019429464	46990000	46500000
DE0007664039	EUR	374	136	80138	7752	177.19433976390727	2102.6831785345717	14200000	16300000
GB00BH4HKS39	GBX	2023	2266	4667834	4874270	2.6106326831673963	2.4738063340766927	12186000	12058000
ES0143416115	EUR	0	34	0	204	0	9656.862745098038	0	1970000
FR0000125486	EUR	0	34	0	272	0	38602.94117647059	0	10500000
GG00B28C2R28	EUR	72	103	55724	21058	20.727155265235805	55.7982714407826	1155000	1175000
GG00B1YQ7219	USD	83	63	23923	22119	92.37971826275968	101.27040101270401	2210000	2240000
IE00B66F4759	EUR	24	18	2458	788	3802.278275020342	11805.837563451776	9346000	9303000
NL0010733960	CHF	224	193	30361	27127	75.59039557326834	82.94319312861724	2295000	2250000
GB00B39J2M42	GBX	875	808	224804	222458	499.546271418658	500.3191613697867	112300000	111300000
GB00B10RZP78	GBX	1861	2320	328250	369400	1191.7745620715918	1052.1115322144017	391200000	388650000
GB0001500809	GBX	223	273	1194686	1182033	4.369348933527303	4.34421035622525	5220000	5135000
FR0000120271	EUR	34	68	544	1020	8823.529411764706	5686.274509803921	4800000	5800000
DE0007500001	EUR	83	0	2380	0	210.08403361344537	0	500000	0
NL0014559478	EUR	0	3	0	250	0	4996.0	0	1249000
ES0178430E18	EUR	204	136	28288	8908	14.14027149321267	53.88414907947912	400000	480000
GB0008782301	GBX	909	903	1912187	2015585	6.521328719419178	6.142137394354493	12470000	12380000
AN8068571086	EUR	52	31	15034	10600	238.7920713050419	334.9056603773585	3590000	3550000
CH0008742519	CHF	819	1048	6907	10458	7378.022296221225	4825.014343086632	50960000	50460000
CH0126881561	CHF	1532	1219	101894	60320	75.13690698176536	125.79575596816976	7656000	7588000
CH0014852781	CHF	996	878	9732	7492	5435.676120016441	7015.483182060865	52900000	52560000
CH0012255151	CHF	215	334	5865	7193	4334.185848252345	3465.869595440011	25420000	24930000
FI0009005961	EUR	33	0	957	0	1515.1515151515152	0	1450000	0
NL0000226223	EUR	0	34	0	476	0	8802.52100840336	0	4190000
GB0004082847	GBX	1385	1191	1121686	577414	54.328929843111176	104.39649887255938	60940000	60280000
GB0007669376	GBX	857	864	184200	186682	686.7535287730727	673.6053824150159	126500000	125750000
GB0007908733	GBX	1311	1122	217830	180350	824.4961667355277	985.5835874688106	179600000	177750000
GB00B1QH8P22	GBX	175	192	73468	67895	1220.2591604508086	1302.0104573238089	89650000	88400000
BE0003470755	EUR	34	0	306	0	26143.7908496732	0	8000000	0
FR0000130809	EUR	34	0	1258	0	1828.2988871224165	0	2300000	0
GB00B1WY2338	GBX	1005	986	162249	153131	963.3341345709373	1016.4499676747361	156300000	155650000
GB0009223206	GBX	853	892	222452	219418	479.42927013468073	481.72893746183087	106650000	105700000
DE0005659700	EUR	68	0	211718	0	14.736583568709321	0	3120000	0
DE0007236101	EUR	102	0	4590	0	2352.9411764705883	0	10800000	0
CH0002497458	CHF	821	950	2128	2896	106578.94736842105	77727.90055248619	226800000	225100000
GB00B1FH8J72	GBX	963	894	74154	76326	4022.7094964533267	3884.652674056023	298300000	296500000
BE0003604155	EUR	0	1	0	2	0	274500000.0	0	549000000
ANN4327C1220	EUR	0	34	0	2998	0	5837.2248165443625	0	17500000
LU0686550053	GBX	0	1	0	260	0	67000.0	0	17420000
JE00BF4X3P53	GBX	239	190	56316	45472	1351.303359613609	1636.1717100633357	76100000	74400000
JE00B1GXH751	GBX	162	211	137819	153867	204.2534048280716	181.9753423411128	28150000	28000000
IE0032077012	GBX	56	54	11016	10800	246459.69498910676	247611.11111111112	2715000000	2674200000
GG00BJ0JVY01	GBX	108	192	562856	1012718	21.035575706752706	11.711058754757001	11840000	11860000
GG00BB0RDB98	GBX	120	184	703236	1002649	19.125869551615676	13.464332981930864	13450000	13500000
GG00B1ZBD492	GBX	207	225	48646	42909	3206.841261357563	3635.6009228833113	156000000	156000000
GB00BZC0LP49	GBX	86	93	188878	199914	54.003113120638716	49.2711866102424	10200000	9850000
GB00BZBX0P70	GBX	265	251	237989	247663	73.3647353449109	69.20694653622058	17460000	17140000
GB0002405495	GBX	768	625	81058	65016	3720.7925189370576	4605.020302694721	301600000	299400000
GB00BNXM7M46	GBX	68	209	1555515	1629631	0.7354477456019389	0.6639539871296017	1144000	1082000
FR0000121972	EUR	1	0	158	0	85240.50632911392	0	13468000	0
GB00BNXGHS27	GBX	46	22	4792	23354	2587.646076794658	537.3811766720904	12400000	12550000
GB00BNGMZB68	GBX	1	3	243	15000	32098.765432098764	526.6666666666666	7800000	7900000
GB00BN3ZZ526	GBX	262	121	98048	73730	407.45349216710184	534.3822053438221	39950000	39400000
GB00BMCF8689	GBX	34	34	8732	5100	1677.7370590929913	2892.156862745098	14650000	14750000
GB00BMC7T380	GBX	166	211	476952	561250	19.981046310739863	16.979955456570156	9530000	9530000
GB00BM8H3X05	GBX	203	234	361507	285991	38.45015449216751	48.532995793573924	13900000	13880000
GB00BLSNND18	GBX	230	251	47846	46789	2466.2458721732223	2532.6465622261644	118000000	118500000
GB00BL6C2002	GBX	143	126	611631	187211	22.055781999277343	70.82917136279386	13490000	13260000
GB00BKS7YK08	GBX	3	0	183	0	438251.3661202186	0	80200000	0
GB00BKP36R26	GBX	114	74	343229	277127	21.530814703885746	26.522136060362218	7390000	7350000
GB00BK96BB68	GBX	150	146	95155	182186	252.7455204666071	132.2823927195284	24050000	24100000
GB00BJP5HK17	GBX	255	220	891362	680328	13.484981410470718	17.40337013910937	12020000	11840000
GB00BJL5F346	GBX	116	140	85097	87984	486.50363702598213	464.8572467721404	41400000	40900000
GB00BJGTLF51	GBX	141	130	433814	420111	26.27854333885029	27.088079102903755	11400000	11380000
GB00BJFLFT45	GBX	159	179	382304	364015	28.45902737088809	29.83393541474939	10880000	10860000
DE0007164600	EUR	138	222	4698	35058	1977.4372073222648	271.69262365223346	9290000	9525000
GB00BJDQQ870	GBX	191	153	58390	50424	1483.986984072615	1706.5286371569093	86650000	86050000
GB00BJ00Z303	GBX	40	67	3479	20293	8939.350388042541	1527.6203617010792	31100000	31000000
GB00BHJVQ590	GBX	183	309	427497	591531	21.707754674301807	15.755725397316455	9280000	9320000
GB00BGHVZM47	GBX	167	179	387077	405526	31.41493811308861	29.8871095811366	12160000	12120000
GB00BG382L74	GBX	138	121	391089	364000	24.39342451462455	26.043956043956044	9540000	9480000
GB00B8C3BL03	GBX	977	1238	301937	384956	245.28295637831732	190.77504961606002	74060000	73440000
GB00BG0P0V73	GBX	130	90	543021	384027	22.209085836459362	31.664440260710837	12060000	12160000
GB00BF4HYV08	GBX	169	221	35699	228963	1848.7912826689824	286.5091739713404	66000000	65600000
GB00BD9PXH49	GBX	96	93	232135	255513	45.40461369461735	41.015525628832975	10540000	10480000
GB00B9XQT119	GBX	133	124	199187	182858	75.20571121609342	80.93712060724715	14980000	14800000
GB00B6VTTK07	GBX	143	122	58186	47591	1287.2512288179287	1578.029459351558	74900000	75100000
DE0007037129	EUR	34	0	24072	0	166.16816218012627	0	4000000	0
GB00B6832P16	GBX	24	24	2400	2400	13375.0	13541.666666666666	32100000	32500000
GB00B0P6J834	GBX	24	24	1440	1440	15069.444444444445	15208.333333333334	21700000	21900000
GB00B0KM9T71	GBX	297	141	111154	89030	338.2694280007917	419.52150960350446	37600000	37350000
GB00B0FYMT95	GBX	152	81	54281	59660	704.666457876605	626.8856855514582	38250000	37400000
GB00B0CRWN59	GBX	207	179	131387	117682	198.64979031411022	221.35925630087863	26100000	26050000
GB00B7T77214	GBX	1007	1221	1444804	1640537	18.154711642548055	15.775322348718742	26230000	25880000
GB00B01RDH75	GBX	23	34	2094	2394	22946.513849092647	20091.896407685883	48050000	48100000
GB00B01HM147	GBX	137	152	648621	684125	8.556614725702683	8.083318107071076	5550000	5530000
GB0031429219	GBX	178	204	116007	108079	679.2693544355081	725.3953126879412	78800000	78400000
GB0030474687	GBX	165	157	67216	56522	667.9957153058796	787.3040585966527	44900000	44500000
GB00B63H8491	GBX	2352	2235	6345548	6061152	1.3519714924542372	1.3918146253385495	8579000	8436000
GB0030329360	GBX	151	125	77068	66087	495.66616494524317	571.216729462678	38200000	37750000
GB0009065060	GBX	215	223	40504	44249	2244.2227928105867	2045.2439603154874	90900000	90500000
GB0007689002	GBX	29	0	13461	0	1456.0582423296933	0	19600000	0
CH0012032048	CHF	2292	1931	46649	45051	676.5418336941842	695.3230782890502	31560000	31325000
GB0006674385	GBX	0	3	0	3514	0	9618.668184405236	0	33800000
GB0006449366	GBX	107	112	151550	172816	105.44374793797427	90.26941949819461	15980000	15600000
GB0007188757	GBX	2652	2656	180864	182929	2709.7708775654637	2612.762328553701	490100000	477950000
GB0006111123	GBX	145	167	38155	48716	2303.760974970515	1800.2299039329994	87900000	87700000
GB0005800072	GBX	237	281	115242	134459	491.1403828465316	419.4587197584394	56600000	56400000
GB0003656021	GBX	34	34	680	660	43014.705882352944	44318.181818181816	29250000	29250000
GB0003422184	GBX	209	201	104369	94585	661.1158485757265	727.3880636464555	69000000	68800000
GB0003328555	GBX	24	24	240	240	71875.0	72500.0	17250000	17400000
GB0003292009	GBX	86	158	21934	33685	4996.8086076411055	3235.8616594923556	109600000	109000000
GB0002959582	GBX	171	185	93784	97380	549.1341806704769	528.8560279318135	51500000	51500000
GB0002357613	GBX	124	160	31590	36257	3016.7774612219055	2625.6998648536833	95300000	95200000
ES0173516115	EUR	68	102	544	1666	1746.3235294117646	820.5282112845138	950000	1367000
GB0001738615	GBX	23	0	756	0	679894.1798941799	0	514000000	0
GB0001490001	GBX	315	275	105054	74966	1013.764349762979	1393.965264253128	106500000	104500000
GB0001320778	GBX	74	30	9240	10028	3955.627705627706	3639.808536098923	36550000	36500000
GB0001110096	GBX	15	12	24875	2429	1141.7085427135678	11897.90037052285	28400000	28900000
GB0000055888	GBX	171	163	43620	36590	1879.871618523613	2194.5886854331784	82000000	80300000
GB00B2B0DG97	GBX	933	961	169297	167429	1408.176163783174	1414.9281187846789	238400000	236900000
GB00B24CGK77	GBX	1034	1291	53169	98492	12353.062874983543	6569.061446614954	656800000	647000000
GB00BMV92D64	GBX	223	222	203082	226155	110.79268472833634	98.38385178306913	22500000	22250000
CH1176493729	CHF	394	224	27375	14344	256.43835616438355	469.53430005577246	7020000	6735000
GB00BP92CJ43	GBX	220	192	110609	99531	723.630084351183	796.9376375199687	80040000	79320000
CH1169151003	CHF	374	305	34054	25228	171.78598696188408	228.91231964483907	5850000	5775000
CH1173567111	CHF	243	240	7151	7082	1675.2901692071039	1663.3719288336629	11980000	11780000
CH1175448666	CHF	638	273	28602	11904	459.23362002657154	1094.590053763441	13135000	13030000
GB00BKDRYJ47	GBX	522	483	914777	839517	15.818062762837283	16.962134179534186	14470000	14240000
AU000000BHP4	GBX	290	256	85401	60976	2662.7322865071837	3655.5366045657306	227400000	222900000
GB00BP6MXD84	EUR	68	646	2822	30022	832.7427356484762	93.26493904470055	2350000	2800000
GB00BP6MXD84	GBX	1956	2440	1141076	1167770	196.13066964864743	188.5645289740274	223800000	220200000
GB00BLH3CY60	GBX	202	164	237408	243724	81.04191939614503	78.85969375194892	19240000	19220000
GB00BL9ZF303	GBX	263	139	315648	161595	75.71725466342255	145.73470713821592	23900000	23550000
GB0007099541	GBX	1434	1587	409712	342649	242.85351661655017	288.1082390434526	99500000	98720000
DE000DTR0CK8	EUR	35	34	4158	1156	688.0711880711881	3027.681660899654	2861000	3500000
GB00BM8Q5M07	GBX	807	912	1496156	1655052	8.755771456987105	7.721811761805672	13100000	12780000
BMG702782084	GBX	222	366	480604	924471	23.095937611838437	11.3578468118524	11100000	10500000
GB00BP37WF17	GBX	82	248	88113	228867	310.9643298945672	119.72018683340106	27400000	27400000
GB0008910555	GBX	180	150	67160	60136	949.9702203692674	1047.6253824664095	63800000	63000000
GB00BN44P254	GBX	175	245	149106	174142	102.6115649269647	87.17024037854165	15300000	15180000
GB00BY7QYJ50	GBX	118	73	55921	43664	798.268986606105	1006.7790399413705	44640000	43960000
GB00BNYK8G86	GBX	364	172	316227	115157	135.34581171120746	344.65989909428	42800000	39690000
GB00BL6K5J42	GBX	446	464	57793	59136	3088.6093471527693	2979.572510822511	178500000	176200000
DE000PAH0038	EUR	68	34	30498	9928	207.22670339038626	916.5995165189363	6320000	9100000
GB00BLJNXL82	GBX	1179	1183	67088	65178	6123.30073932745	6245.972567430728	410800000	407100000
GB00BNR5MZ78	GBX	969	957	1579111	1534377	9.749156329099094	9.932369945587036	15395000	15240000
DE000A3E5D64	EUR	68	0	1258	0	2146.2639109697934	0	2700000	0
GB00BKPG0S09	GBX	88	70	124923	117909	119.43357107978515	126.53826255841369	14920000	14920000
GB00BND88V85	GBX	133	118	137718	130348	203.89491569729446	208.05842820756743	28080000	27120000
GB00BNR4T868	GBX	149	144	37843	49590	2158.919747377322	1629.3607582173825	81700000	80800000
LU2182388152	GBX	0	10	0	10	0	22545000.0	0	225450000
GB00BKPG0138	GBX	2	0	3094	0	1984.486102133161	0	6140000	0
GB00BL9YR756	GBX	252	220	163268	122927	328.17208516059486	422.3644927477283	53580000	51920000
GB00BNNTLN49	GBX	288	312	109065	100991	943.4740750928346	1009.9909892960759	102900000	102000000
GB00B0H2K534	GBX	131	154	366289	366670	32.51530895003672	31.690620994354596	11910000	11620000
GB00BMBVGQ36	GBX	278	284	203009	312755	190.3856479269392	121.72467266710365	38650000	38070000
GB00BMVQDZ64	GBX	120	109	20689	24533	4586.978587655276	3790.812375168141	94900000	93000000
GB0006825383	GBX	1278	1086	152854	143773	1220.118544493438	1286.402871192783	186500000	184950000
GB00BNK9TP58	GBX	87	72	259488	209485	35.28101492169195	41.91230875719025	9155000	8780000
GB00BMT9K014	GBX	210	182	173516	166113	124.94525000576316	125.21596744384847	21680000	20800000
FR0000120693	EUR	0	34	0	170	0	126529.41176470589	0	21510000
GB0006776081	GBX	1191	1263	329737	331086	269.5481550447781	266.8188929764472	88880000	88340000
SE0015812219	SEK	42	37	16779	16073	637.7018892663449	666.023766565047	10700000	10705000
GB00BNG2M159	GBX	202	193	309262	213301	82.77770951490969	117.43967445065893	25600000	25050000
ES0105546008	EUR	34	68	3400	6596	30.294117647058822	23.195876288659793	103000	153000
DE000A2TSL71	EUR	0	34	0	1428	0	1365.546218487395	0	1950000
GB00BK9RKT01	GBX	253	281	86500	87995	1093.64161849711	1067.3333712142735	94600000	93920000
DK0061539921	DKK	1	0	5	0	3866800.0	0	19334000	0
IE00BDC5DG00	GBX	98	63	61997	48718	740.3584044389245	918.5516646824582	45900000	44750000
CH1101098163	CHF	296	318	4919	4883	8172.392762756658	8068.810157689944	40200000	39400000
GB00BNC5T391	GBX	140	303	518528	684882	18.40980622068625	13.757114364226247	9546000	9422000
GB00BL6NGV24	GBX	225	181	102198	135040	263.41024286189554	193.2760663507109	26920000	26100000
GB00BMH18Q19	GBX	110	70	45440	41973	990.7570422535211	1058.7758797322088	45020000	44440000
CH0011178255	CHF	4	1	35	1	369142.85714285716	13000000.0	12920000	13000000
CH0493891243	CHF	0	1	0	1	0	718000000.0	0	718000000
CH0239518779	CHF	133	147	4918	5316	1708.0113867425782	1580.135440180587	8400000	8400000
CH0118530366	CHF	218	160	22231	16198	152.93958886239935	206.5069761698975	3400000	3345000
CH0025343259	CHF	159	168	5679	4441	1579.5034337031168	2006.3048862868723	8970000	8910000
CH0453226893	CHF	286	139	90731	18427	19.88295070042213	96.59738427307755	1804000	1780000
CH0386200239	CHF	134	70	5423	2811	1635.6260372487552	3105.6563500533616	8870000	8730000
CH0017875789	CHF	124	182	3596	6980	3487.2080088987764	1787.9656160458453	12540000	12480000
LI0355147575	CHF	187	132	11849	9273	466.7060511435564	592.0414105467486	5530000	5490000
CH0039821084	CHF	44	115	140	507	1442857.142857143	396449.7041420118	202000000	201000000
CH0028422100	CHF	185	151	19943	14764	161.9615905330191	218.775399620699	3230000	3230000
CH0582581713	CHF	335	136	6877	2929	3649.8473171441037	8347.558893820416	25100000	24450000
AT0000KTMI02	CHF	117	122	8168	8457	740.6953966699315	713.01880099326	6050000	6030000
CH0530235594	CHF	230	194	23007	10976	173.425479201982	357.14285714285717	3990000	3920000
CH0011484067	CHF	183	173	1790	1605	26620.111731843575	29252.33644859813	47650000	46950000
CH0011693600	CHF	145	135	1467	1688	28595.773687798228	24792.65402843602	41950000	41850000
CH0256379097	CHF	190	246	68771	93833	9.088133079350307	6.447625035968156	625000	605000
CH0111677362	CHF	154	250	7428	10125	1130.8562197092083	805.925925925926	8400000	8160000
CH0468525222	CHF	282	142	10064	4247	971.7806041335454	2274.5467388744996	9780000	9660000
DK0060534915	DKK	32	0	385	0	189610.3896103896	0	73000000	0
CH0406705126	CHF	209	169	7384	7744	1584.5070422535211	1485.0206611570247	11700000	11500000
CH0012005267	CHF	2396	2717	206793	246740	38.92298095196646	32.32957769311826	8049000	7977000
CH0528751586	CHF	260	228	13232	9892	643.1378476420798	843.1055398301658	8510000	8340000
CH0002178181	CHF	120	260	18177	40475	174.0661275237938	76.88696726374305	3164000	3112000
CH0346177709	CHF	56	56	287500	316233	0.10643478260869565	0.09328564697548959	30600	29500
CH0276534614	CHF	225	243	13312	13955	482.27163461538464	447.86814761734144	6420000	6250000
CH0496451508	CHF	289	203	67335	53269	20.657904507314175	25.699750323828116	1391000	1369000
GG00BGJYPP46	GBX	192	205	426172	525002	22.854622077471067	18.095169161260337	9740000	9500000
FI0009000681	EUR	33	0	1023	0	391.00684261974584	0	400000	0
IE00B5BMR087	USD	337	81	60170	21870	725.5775303307296	1984.5450388660265	43658000	43402000
GB00BMTV7393	GBX	138	93	620277	424601	11.32074863327191	15.774809762577101	7022000	6698000
GB00BN4NDR39	GBX	206	278	567753	833507	18.951903380519347	12.861319700974317	10760000	10720000
JE00BMDZN391	GBX	210	199	273729	269753	54.94485421712716	53.38216813158704	15040000	14400000
GB00BLGZ9862	GBX	950	1331	1066195	1536083	24.873498750228617	17.12798071458378	26520000	26310000
GB00BNKVP754	GBX	205	162	456685	355017	25.181470816865016	32.11113833985415	11500000	11400000
GB0032089863	GBX	1041	1006	41389	39026	15608.011790572375	16260.95423563778	646000000	634600000
NL00150001Q9	EUR	34	0	1156	0	951.5570934256056	0	1100000	0
NL00150001Q9	EUR	34	34	1156	1156	951.5570934256056	1461.9377162629758	1100000	1690000
GB00BN0SMB92	GBX	255	283	322275	401032	73.72585524784733	58.74842905304315	23760000	23560000
GB00BLDRH360	GBX	310	244	210824	176662	279.14279209198196	327.46148011456904	58850000	57850000
GB0007873697	GBX	214	292	82231	118845	616.5558001240408	426.60608355420925	50700000	50700000
GB0008711763	GBX	89	74	121130	112494	141.00553124742012	148.98572368304087	17080000	16760000
GB0003435012	GBX	0	34	0	1836	0	24509.803921568626	0	45000000
CH0038863350	CHF	2656	2184	204652	152749	56.427496432969136	75.16906820993918	11548000	11482000
GB0006667470	GBX	34	34	1360	1111	49117.64705882353	60306.03060306031	66800000	67000000
GG00BJL5FH87	GBX	154	275	721877	1136927	18.091724767515796	11.346374921169081	13060000	12900000
GB00BZCNLL95	GBX	148	162	171230	290593	103.72014249839397	61.11640679575902	17760000	17760000
GB00BN7CG237	GBX	55	4	29786	349	1847.1765258846438	154957.0200573066	55020000	54080000
GB00BFXYH242	GBX	198	205	197177	96600	83.17400102446025	168.73706004140786	16400000	16300000
GB0006436108	GBX	196	174	27167	24731	5418.338425295395	5911.608911891957	147200000	146200000
GB0006650450	GBX	138	136	16909	12908	12951.682535927612	16733.808490858384	219000000	216000000
GB0007388407	GBX	195	177	42423	33533	2503.359026942932	3095.458205349954	106200000	103800000
GB00BY2Z0H74	GBX	448	214	133946	205825	177.31025935824886	109.0732418316531	23750000	22450000
GB0000385517	GBX	91	117	28713	31135	3409.605405217149	3154.006744820941	97900000	98200000
GB00BDR05C01	GBX	1001	916	455059	345936	251.50584869214762	327.51722862032284	114450000	113300000
GB00BJ0LT190	GBX	156	164	145387	124117	278.22294978230514	320.66517882320716	40450000	39800000
GB00BWXC7Y93	GBX	291	202	371770	158923	74.64292438873497	174.29824506207407	27750000	27700000
DE0008430026	EUR	0	68	0	3162	0	8444.022770398482	0	26700000
GB00B1CRLC47	GBX	1179	1015	202234	168234	847.5330557670817	918.3637076928563	171400000	154500000
GB00BMXWN182	GBX	70	149	221310	338328	49.523293118250415	32.21725662670544	10960000	10900000
GB00BMX64W89	GBX	99	165	198376	201597	91.99701576803646	89.28704296194884	18250000	18000000
DE000ENER6Y0	EUR	68	68	11254	2244	142.17167229429535	779.8573975044563	1600000	1750000
NL0012044747	EUR	68	0	1564	0	4443.734015345269	0	6950000	0
GB00BMTS0Z37	GBX	117	175	73903	83510	555.4578298580572	492.7553586396839	41050000	41150000
GB00BYX7JT74	GBX	178	245	348377	953013	38.23444142408942	13.661933257993333	13320000	13020000
GB00BDFGHW41	GBX	177	152	271014	208945	71.80440862833655	91.89021034243461	19460000	19200000
LU2197908721	EUR	6	7	432	504	31078.703703703704	27170.634920634922	13426000	13694000
GB00BK7YQK64	GBX	118	193	1419729	2064744	1.8623272469605114	1.2582673687391754	2644000	2598000
GB0005758098	GBX	774	946	298497	378217	265.46330448882236	209.35071665208068	79240000	79180000
GB00BHSRZC82	GBX	194	358	270756	478008	75.71392693052047	42.46790848688725	20500000	20300000
GB00BJHPLV88	GBX	238	223	193120	175412	112.15824357912179	121.31439126171527	21660000	21280000
GG00BFYT9H72	GBX	112	251	324429	1080721	35.631833159181205	10.641044265818838	11560000	11500000
SG9999003735	GBX	90	102	9396	9844	24372.073222647934	22602.60056887444	229000000	222500000
GB00B45C9X44	GBX	102	99	90592	87680	370.89367714588485	376.9388686131387	33600000	33050000
NL0012015705	GBX	140	110	24534	18102	6131.083394472977	8136.117556071153	150420000	147280000
GB00BFZNLB60	GBX	138	110	118278	75934	279.3418894468963	430.3737456211974	33040000	32680000
GB0031274896	GBX	310	362	658148	691790	20.846374979487898	19.5290478324347	13720000	13510000
NO0003054108	NOK	29	0	1450	0	14137.931034482759	0	20500000	0
ES0124244E34	EUR	0	136	0	10540	0	18.500948766603415	0	195000
GB00BKY40Q38	GBX	12	0	2633	0	6137.485757690847	0	16160000	0
SE0012853455	SEK	0	5	0	80	0	335750.0	0	26860000
GB0031232498	GBX	184	167	74195	86214	644.9221645663455	545.7350314334099	47850000	47050000
GB00BKDTK925	GBX	92	54	57380	43556	662.7744858835831	859.8126549729085	38030000	37450000
GB00BJVQC708	GBX	125	71	132940	135764	106.4389950353543	103.34109189475855	14150000	14030000
IE00B010DT83	GBX	58	101	104306	92127	187.81278162330068	210.5788748141153	19590000	19400000
FR0000121014	EUR	68	0	340	0	183823.5294117647	0	62500000	0
GB00BYQ46T41	GBX	286	336	1458298	3145684	10.354536589915092	4.762080361536633	15100000	14980000
GB00BKLXD974	GBX	100	131	149196	166717	98.26000697069627	87.93344409988184	14660000	14660000
GB00BKFB1C65	GBX	700	900	804588	975462	27.753334625920346	22.420145531040678	22330000	21870000
FR0000120321	EUR	0	34	0	238	0	195378.1512605042	0	46500000
CH0013841017	CHF	1235	1092	15879	12162	3656.401536620694	4688.3736227594145	58060000	57020000
GB00B0SWJX34	GBX	1201	1351	38292	48971	21450.955813224693	16421.964019521758	821400000	804200000
LU1834988278	EUR	13	21	2522	4074	2108.524980174465	1287.481590574374	5317700	5245200
GB0008706128	GBX	2392	2732	11648061	21086134	0.3944862582707972	0.21592388628470255	4595000	4553000
FR0007054358	EUR	34	34	173400	173400	22.047289504036907	22.228950403690888	3823000	3854500
FR0010261198	EUR	3	0	195	0	77651.28205128205	0	15142000	0
FR0010468983	EUR	34	34	210800	210800	14.843453510436433	14.860056925996204	3129000	3132500
LU0252634307	EUR	34	32	17000	16000	598.4705882352941	629.25	10174000	10068000
FR0010342592	EUR	6	8	90	120	724444.4444444445	535250.0	65200000	64230000
GB0005603997	GBX	1221	1107	1214024	1052870	23.36856602505387	26.755439892864267	28370000	28170000
GB00BYW0PQ60	GBX	1154	1143	355274	361519	205.02485405630583	198.77240200376744	72840000	71860000
IE00BJ34P519	EUR	0	33	0	39204	0	3.6730945821854912	0	144000
CH0025238863	CHF	310	310	7777	16413	3174.746046033175	1477.4873575824042	24690000	24250000
NL0000009082	EUR	30	0	7620	0	35.43307086614173	0	270000	0
NL0013654783	EUR	0	102	0	2006	0	3489.531405782652	0	7000000
GB00BDD85M81	GBX	1002	663	421617	266672	161.66331054013477	253.71992560148797	68160000	67660000
GB0033195214	GBX	865	880	860883	924601	29.1561106445359	26.61688663542436	25100000	24610000
FR0000121485	EUR	0	68	0	340	0	213529.41176470587	0	72600000
GB00BH3VJ782	GBX	20	17	2759	8927	8880.028996013049	2690.7135655875436	24500000	24020000
GB00BZ0D6727	GBX	173	170	31622	19916	4607.5517045095185	7230.367543683471	145700000	144000000
GG00B1Z5FH87	GBX	61	65	13011	6482	11259.70332795327	22523.912372724466	146500000	146000000
GB0006640972	GBX	199	140	11327	8780	33680.58620994085	42539.86332574032	381500000	373500000
FI0009004824	EUR	0	33	0	363	0	3526.1707988980716	0	1280000
JE00BJ1DLW90	GBX	356	486	474869	343857	52.64609818707896	71.62861305717202	25000000	24630000
GB00BJTRSD38	GBX	88	50	22010	36548	1067.6965015901862	641.6219765787457	23500000	23450000
CH0466642201	CHF	268	311	14427	14462	788.1056352672073	781.3580417646245	11370000	11300000
JE00BJVNSS43	GBX	332	351	25574	23978	40490.34175334324	42810.075902911005	1035500000	1026500000
GB00BJ1F4N75	GBX	121	137	128705	108063	240.23930694223225	280.02183911236966	30920000	30260000
GB00BJFFLV09	GBX	1100	1086	36403	35924	20036.810153009366	20131.388486805477	729400000	723200000
DE000KSAG888	EUR	102	0	3400	0	516.4705882352941	0	1756000	0
GB00BGJWTR88	GBX	160	250	41544	54024	3466.204506065858	2641.4186287575894	144000000	142700000
GB00BG0TPX62	GBX	61	77	496031	147349	7.176970794164075	23.75313032324617	3560000	3500000
CH0102484968	CHF	349	474	41721	55337	125.35653507825795	93.64439705802627	5230000	5182000
GB00BGBN7C04	GBX	196	262	212345	296669	117.21490969883915	83.62855573046055	24890000	24810000
CH0432492467	CHF	1000	1288	67804	88169	97.48687393074155	73.44985198879425	6610000	6476000
GB00BG11K365	GBX	270	191	109990	98767	516.4105827802528	570.5346927617524	56800000	56350000
GB00BJLP1Y77	GBX	331	330	1908717	1334100	9.398983715239085	13.357319541263774	17940000	17820000
GB00BZ4BQC70	GBX	220	260	35971	36254	6188.318367573879	6032.4377999669005	222600000	218700000
GB00B5N0P849	GBX	224	108	540036	239636	29.479516180402786	65.140463035604	15920000	15610000
GB00BHJYC057	GBX	1287	880	70475	50115	7140.120610145442	9959.094083607702	503200000	499100000
LU0274211480	EUR	34	34	13600	13600	966.1764705882352	960.5882352941177	13140000	13064000
LI0315487269	CHF	161	166	8411	7606	1065.2716680537392	1146.463318432816	8960000	8720000
GB00B019KW72	GBX	747	770	907574	823081	24.394705004770962	26.76528798502213	22140000	22030000
GB0033986497	GBX	196	284	922494	1083763	8.058588998952839	6.757935083593	7434000	7324000
ES0183746314	EUR	34	34	170	170	36705.882352941175	49058.82352941176	6240000	8340000
SE0008091904	SEK	20	0	78000	0	77.6923076923077	0	6060000	0
CA0679011084	EUR	63	34	1364	442	1158.357771260997	3981.9004524886877	1580000	1760000
GB00BGXQNP29	GBX	852	888	323679	319140	209.466786538515	210.69123268784858	67800000	67240000
US01609W1027	EUR	286	300	25850	27200	357.2533849129594	327.94117647058823	9235000	8920000
IT0000072618	EUR	34	0	12954	0	12.775976532345222	0	165500	0
GB0031638363	GBX	1353	1137	78683	64546	5391.25351092358	6491.494438075171	424200000	419000000
CH0009691608	CHF	169	143	2951	3490	7505.9301931548625	6332.378223495702	22150000	22100000
CH0315966322	CHF	123	225	2194	4197	11759.343664539654	6063.8551346199665	25800000	25450000
ES0177542018	GBX	1709	1963	4937403	6948819	2.413009430261212	1.6917982753616119	11914000	11756000
ES0177542018	EUR	68	0	21590	0	6.021306160259379	0	130000	0
GB00BD8DR117	GBX	122	99	111789	74804	359.606043528433	535.2654938238597	40200000	40040000
NL0011821202	EUR	63	34	6269	5746	149.94416972403891	173.16394013226594	940000	995000
GB0005774855	GBX	248	226	120179	109347	516.7292122583813	567.9168152761392	62100000	62100000
DE0006231004	EUR	68	162	40766	23694	60.19722317617622	126.19228496665822	2454000	2990000
ES0118594417	EUR	0	34	0	408	0	2242.6470588235293	0	915000
ES0148396007	EUR	68	68	6460	374	340.55727554179566	8395.72192513369	2200000	3140000
GB00BD8HBD32	GBX	166	177	692661	704119	12.430323058465829	12.114429521146283	8610000	8530000
IE00B53SZB19	EUR	58	55	5800	5500	12735.51724137931	13309.09090909091	73866000	73200000
IE00B5BMR087	EUR	105	67	21470	20100	1984.163949697252	2093.134328358209	42600000	42072000
GB0004544929	GBX	1334	1309	192549	192161	984.9440921531663	976.2646947091241	189650000	187600000
LU0252633754	EUR	33	33	13200	8945	972.5757575757576	1426.495248742314	12838000	12760000
FR0010468983	EUR	34	34	210800	210800	14.817362428842504	14.89089184060721	3123500	3139000
GB00BGLP8L22	GBX	391	239	69069	63624	1866.2496923366489	2014.9629070790897	128900000	128200000
IE00BKM4GZ66	EUR	44	48	72813	73832	40.23320011536401	39.32576660526601	2929500	2903500
IE00BKM4GZ66	GBX	57	57	53668	53389	4615.413281657598	4613.309857835884	247700000	246300000
IE0032077012	EUR	68	68	20400	20400	1574.6078431372548	1550.7843137254902	32122000	31636000
GB00BLWDVR75	GBX	185	215	347869	404090	28.51648177906051	24.252023064168874	9920000	9800000
IE0008471009	EUR	34	34	173400	173400	22.01845444059977	22.14532871972318	3818000	3840000
ES0144580Y14	EUR	70	0	630	0	1710.3174603174602	0	1077500	0
ES0137650018	EUR	34	34	238	170	6974.789915966387	14352.941176470587	1660000	2440000
GB00BYYW3C20	GBX	115	164	140404	111677	212.2446653941483	265.0500998415072	29800000	29600000
BMG4209G2077	GBX	198	183	222210	299616	110.03105170784393	79.93565096657055	24450000	23950000
GB0005405286	GBX	1817	2052	2193411	2030972	25.266582505513103	27.05108686875053	55420000	54940000
GB00B1V9NW54	GBX	113	171	21029	27903	5050.16881449427	3784.5392968498013	106200000	105600000
CH0012214059	CHF	1621	1580	168115	142319	27.261101032031647	31.97745908838595	4583000	4551000
IE00B42Z5J44	EUR	14	4	2338	668	2567.579127459367	9065.868263473054	6003000	6056000
IE00B1XNH568	EUR	61	37	600894	583566	2.3072288956122047	2.375395413714987	1386400	1386200
GB00B0LCW083	GBX	981	940	157966	146279	992.6186647759645	1051.4154458261269	156800000	153800000
IE0031442068	EUR	46	12	142600	37200	28.94670406732118	110.02688172043011	4127800	4093000
IE00B3ZW0K18	EUR	56	37	6160	4070	1462.1753246753246	2240.2948402948405	9007000	9118000
IE00B441G979	EUR	27	30	3888	4320	1790.8950617283951	1608.7962962962963	6963000	6950000
IE00B1FZS350	GBX	44	9	17512	3582	12194.495203289172	59324.399776661085	213550000	212500000
GB00B17MMZ46	GBX	51	80	218104	237285	36.17540256024649	32.87186294961755	7890000	7800000
DE0006047004	EUR	34	34	238	306	18907.563025210085	18366.013071895424	4500000	5620000
GB0008085614	GBX	183	115	34342	17306	5386.9896919224275	10643.707384722062	185000000	184200000
FR0007054358	EUR	34	34	173400	173400	22.07035755478662	22.191464821222606	3827000	3848000
GB00B1VZ0M25	GBX	1336	1183	383792	282314	257.1705507149706	346.2102481633925	98700000	97740000
GB00BDFBVT43	GBX	91	190	41178	55704	1221.5260576035748	875.1615682895304	50300000	48750000
GB00BYRJ5J14	GBX	249	236	558025	584365	26.235383719367412	24.864596613417984	14640000	14530000
GB0008481250	GBX	129	134	307299	308263	34.331384091715236	34.54842131556496	10550000	10650000
JE00B248KJ21	GBX	51	154	54964	129782	580.3798850156466	245.0262748300997	31900000	31800000
GG00BYV2ZQ34	GBX	222	177	613592	1358868	12.35348570385533	5.3721185575052175	7580000	7300000
IE00BMW3QX54	EUR	57	51	112410	110582	18.098923583311095	18.271508925503248	2034500	2020500
GB00BYWVDP49	GBX	122	137	195731	238481	63.045710694780084	51.408707611927156	12340000	12260000
GB0002395811	GBX	194	294	38369	35786	6645.99025254763	7097.747722573074	255000000	254000000
ES0165386014	EUR	0	1	0	7	0	319285.71428571426	0	2235000
ES0171996087	EUR	34	0	238	0	5252.100840336135	0	1250000	0
GG00B1W3VF54	GBX	158	143	510379	482341	18.82914461605983	19.737073978782647	9610000	9520000
IE00BZ12WP82	EUR	170	68	14280	782	1855.7422969187676	42455.24296675192	26500000	33200000
DK0010272632	DKK	31	0	3534	0	5659.309564233164	0	20000000	0
JE00B4T3BW64	GBX	2940	3040	2301055	1827275	20.8143655844819	25.609172127895363	47895000	46795000
GB00B29H4253	GBX	130	112	133708	93813	190.34014419481258	270.2184132263119	25450000	25350000
CH0010645932	CHF	1129	1227	2281	2938	148925.90968873302	114261.40231449966	339700000	335700000
LU0380865021	EUR	34	34	108800	108800	54.97242647058823	55.275735294117645	5981000	6014000
GB00BF8Q6K64	GBX	1135	970	1533124	1290625	11.470044171247727	13.381113801452784	17585000	17270000
DE000A0F5UF5	EUR	0	34	0	408	0	31862.745098039217	0	13000000
CH0030170408	CHF	980	913	9700	7367	5282.474226804124	6892.900773720646	51240000	50780000
CH0435377954	CHF	294	405	69613	91814	36.458707425337224	26.945781689067026	2538000	2474000
DK0060534915	EUR	0	34	0	238	0	48739.49579831933	0	11600000
IL0011284465	GBX	252	212	48080	47238	3606.4891846921796	3619.9669757398706	173400000	171000000
CH0364749348	CHF	70	86	2412	1529	7008.706467661692	11043.165467625899	16905000	16885000
GB00BGDT3G23	GBX	1009	1003	349526	383436	186.76722189479466	168.73741641369094	65280000	64700000
LU0292106241	EUR	34	34	115600	113002	12.865051903114187	13.095343445248757	1487200	1479800
DE0005933972	EUR	68	95	3264	11881	732.2303921568628	242.4038380607693	2390000	2880000
GB00B2QPKJ12	GBX	1128	1065	353249	318720	212.20159151193633	230.10793172690762	74960000	73340000
DE0005785604	EUR	102	0	1462	0	1590.2872777017783	0	2325000	0
DE0005785802	EUR	34	0	204	0	17156.86274509804	0	3500000	0
DE0005933923	EUR	16	56	672	2352	34322.916666666664	9972.36394557823	23065000	23455000
LU0252634307	EUR	30	32	15000	16000	676.5333333333333	630.0	10148000	10080000
LU0252633754	EUR	33	33	13200	9325	972.5757575757576	1368.3646112600536	12838000	12760000
FI0009007132	EUR	10	0	420	0	2416.6666666666665	0	1015000	0
DE0002635273	EUR	44	20	25344	11520	67.56628787878788	151.97916666666666	1712400	1750800
DE000ETFL060	EUR	34	34	30600	30600	186.04575163398692	185.22875816993465	5693000	5668000
LU0411075376	EUR	31	33	14807	14990	755.5885729722429	738.0920613742495	11188000	11064000
LU0411075020	EUR	68	68	1018254	1154110	0.1530070100387526	0.1333841661540061	155800	153940
FR0010446666	EUR	34	34	7024400	7024400	0.016163658106030408	0.016075394339730084	113540	112920
FR0010446658	EUR	34	34	1285200	1285200	0.4902738873327109	0.4874727668845316	630100	626500
LU0603940916	EUR	24	31	14904	19251	104.61621041331186	81.22175471404083	1559200	1563600
LU0378438732	EUR	36	18	3168	1584	3543.560606060606	7165.404040404041	11226000	11350000
FR0010010827	EUR	34	34	360400	360400	6.19173140954495	6.168146503884572	2231500	2223000
FR0010446146	EUR	34	34	775200	775200	1.3320433436532508	1.3294633642930858	1032600	1030600
IE00B1TXLS18	GBX	34	0	1870	0	25401.069518716577	0	47500000	0
IE00B0M63060	GBX	35	4	4028	4552	18421.052631578947	16300.527240773286	74200000	74200000
SE0005466513	SEK	66	33	293766	265650	8.488048310560105	9.375117635987202	2493500	2490500
SE0001342395	SEK	33	33	11880	11880	4776.094276094276	4757.575757575758	56740000	56520000
SE0005466505	SEK	33	33	454080	454080	3.2117688513037352	3.1954721634954195	1458400	1451000
SE0003051010	SEK	33	33	5940	5940	19414.141414141413	19319.86531986532	115320000	114760000
GB0007913485	GBX	156	146	204308	190106	84.77396871390253	90.05502193513092	17320000	17120000
GB00B19NLV48	GBX	988	1155	140761	157055	2077.990352441372	1850.3072172168986	292500000	290600000
IE0004906560	EUR	160	141	6166	6329	1706.1303924748622	1636.9094643703586	10520000	10360000
ZAE000255360	GBX	185	228	630468	736812	9.50087871232164	8.11604588416041	5990000	5980000
GB00BG12Y042	GBX	210	207	44504	40577	2909.8507999280964	3139.709687754146	129500000	127400000
GB00BD45SH49	GBX	116	161	95020	91452	291.096611239739	295.67423347767135	27660000	27040000
CH0418792922	CHF	1121	966	35431	26089	698.8230645479947	933.726858062785	24760000	24360000
NL0000235190	EUR	34	68	238	510	35714.28571428572	23529.41176470588	8500000	12000000
FR0013326246	EUR	68	0	884	0	5203.619909502262	0	4600000	0
GB00BF4JDH58	GBX	242	291	391737	524834	51.69284494443976	38.48836012910749	20250000	20200000
GB00BF4HYT85	GBX	277	273	53529	31897	3385.0809841394384	5492.679562341286	181200000	175200000
LU0490618542	USD	10	7	16000	11200	509.75	725.8035714285714	8156000	8129000
IE00B3XXRP09	USD	230	102	77788	72284	103.52496529027613	110.74373305295778	8053000	8005000
FR0000121667	EUR	0	68	0	340	0	55294.117647058825	0	18800000
LU1066226637	EUR	0	34	0	3468	0	2194.3483275663207	0	7610000
IT0003132476	EUR	22	0	990	0	1161.6161616161617	0	1150000	0
DE0007042301	EUR	0	20	0	620	0	2967.7419354838707	0	1840000
IT0003128367	EUR	0	34	0	5576	0	101.3271162123386	0	565000
ES0130670112	EUR	0	68	0	408	0	6004.901960784314	0	2450000
FR0010242511	EUR	40	85	78768	99104	15.114005687588868	12.017678398450114	1190500	1191000
GB00B01QGK86	GBX	105	70	123570	89763	181.67840090636886	245.64687009124026	22450000	22050000
NL0012866412	EUR	0	34	0	510	0	12156.862745098038	0	6200000
PTEDP0AM0009	EUR	34	0	5916	0	81.13590263691684	0	480000	0
ES0105027009	EUR	0	34	0	170	0	15000.0	0	2550000
GB00B7KR2P84	GBX	388	274	311581	543712	131.45859343156354	73.82584897887116	40960000	40140000
DE000ENAG999	EUR	47	0	3665	0	257.6261937244202	0	944200	0
IE0005042456	GBX	0	7	0	728	0	101648.35164835164	0	74000000
GB00BY9D0Y18	GBX	290	292	417585	470392	51.94152088796293	45.706559635367945	21690000	21500000
GB0002374006	GBX	1761	2316	210077	265508	1831.9473335967289	1442.3294213357037	384850000	382950000
GB00B3DGH821	GBX	131	155	369467	377360	25.144329534166786	24.538901844392623	9290000	9260000
DE000A2E4K43	EUR	34	0	20366	0	168.41795148777373	0	3430000	0
DE0005557508	EUR	170	34	29546	476	55.84512285927029	4159.663865546218	1650000	1980000
IE00BWY4ZF18	GBX	127	154	394333	449436	24.649217793083512	21.22660401035965	9720000	9540000
DE0005552004	EUR	68	78	1224	11050	2859.4771241830067	398.1900452488688	3500000	4400000
DE0008232125	EUR	238	204	99994	60724	6.0003600216012964	11.527567353929253	600000	700000
DE0005810055	EUR	0	33	0	264	0	72121.21212121213	0	19040000
DE0005140008	EUR	69	204	118127	60010	7.61807207497016	15.330778203632727	899900	920000
GB00BDCPN049	EUR	353	128	42150	17475	125.26690391459074	297.56795422031473	5280000	5200000
ES0121975009	EUR	0	34	0	170	0	20000.0	0	3400000
FR0000120644	EUR	34	0	510	0	9215.686274509804	0	4700000	0
DE0007100000	EUR	302	34	101762	238	59.55071637742969	32142.85714285714	6060000	7650000
IE00B44Z5B48	USD	8	4	464	232	37946.120689655174	75844.8275862069	17607000	17596000
GG00BYXVT888	GBX	96	183	63565	92348	794.462361362385	542.5131026118595	50500000	50100000
KYG9361H1092	GBX	116	290	54678	90789	1221.6979406708365	731.366134663891	66800000	66400000
GG00BV54HY67	GBX	144	200	534145	571070	16.75574984320737	15.53224648466913	8950000	8870000
GB0007918872	GBX	160	157	78100	73482	663.2522407170294	703.5736642987398	51800000	51700000
GB00BYM1K758	GBX	213	193	424414	420754	28.415650756101353	27.47448627939366	12060000	11560000
GB0001740025	GBX	171	229	72709	84824	679.4207044519935	582.3823446194473	49400000	49400000
GB0000197722	GBX	141	175	70603	62733	1038.1995099358385	1166.8499832623977	73300000	73200000
CH0012138530	CHF	1155	1137	1002936	972181	0.5471934400599839	0.5583322447157474	548800	542800
FR0000045072	EUR	34	0	3774	0	251.72231054583995	0	950000	0
GB0004228648	GBX	173	271	20521	26867	8771.50236343258	6699.668738601258	180000000	180000000
GB00BF448H58	GBX	332	204	287604	142567	89.18512955313557	179.213983600693	25650000	25550000
GB0003718474	GBX	199	186	8772	9067	85385.31691746466	81724.93658321386	749000000	741000000
GB0002945029	GBX	184	125	183946	132795	238.65699716221064	330.5847358710795	43900000	43900000
GB0000485838	GBX	137	158	32635	39165	2417.6497625248967	1999.2340099578705	78900000	78300000
GB00BF8J3Z99	GBX	0	1	0	45	0	223555.55555555556	0	10060000
LU1673108939	EUR	41	0	8282	0	40.968365129195845	0	339300	0
DE0005439004	EUR	34	34	748	442	8021.39037433155	19230.76923076923	6000000	8500000
GB00BDHXPG30	GBX	146	145	174172	173574	98.17881174930528	97.94093585444824	17100000	17000000
GI000A0F6407	GBX	130	89	201278	144431	75.11998330667038	91.60083361605196	15120000	13230000
GB00BF5H9P87	GBX	194	237	70577	114506	840.9255139776415	512.6368923899184	59350000	58700000
DE000SHL1006	EUR	34	0	204	0	22058.823529411766	0	4500000	0
GB00BD6K4575	GBX	1179	1168	159195	168192	1218.3171582022048	1147.498097412481	193950000	193000000
DE000CBK1001	EUR	34	34	7582	578	68.8472698496439	1439.4463667820069	522000	832000
JE00BF5FX167	GBX	284	191	569337	384830	61.299371022786154	89.26019281241068	34900000	34350000
CH0019396990	CHF	243	238	7821	7079	1807.9529471934536	1969.204689927956	14140000	13940000
CH0012335540	CHF	233	138	19762	11488	319.80568768343284	544.91643454039	6320000	6260000
CH0014786500	CHF	171	354	8561	15514	1080.4812521901647	594.3019208456877	9250000	9220000
CH0002088976	CHF	500	457	151198	115212	171.95994656013968	225.67093705516785	26000000	26000000
CH0311864901	CHF	348	326	7365	8277	3698.5743380855397	3220.9737827715358	27240000	26660000
CH0198251305	GBX	1301	824	125464	112849	1623.5732959255245	1784.6857304894152	203700000	201400000
CH0033361673	CHF	296	144	13908	6752	828.3002588438309	1676.5402843601896	11520000	11320000
CH0012100191	CHF	233	278	3849	4681	9243.959469992205	7383.037812433241	35580000	34560000
CH0010754924	CHF	229	206	950	965	114526.31578947368	111295.33678756477	108800000	107400000
CH0010675863	CHF	309	134	18315	6677	689.5986895986896	1831.6609255653736	12630000	12230000
CH0012142631	CHF	278	399	63054	100127	29.450946807498333	18.356687007500476	1857000	1838000
CH0014284498	CHF	305	236	2740	1911	25857.66423357664	36787.022501308216	70850000	70300000
CH0239229302	CHF	277	222	17934	11808	602.2080963532954	902.7777777777778	10800000	10660000
CH0012032113	CHF	396	462	8003	9223	4840.684743221292	4176.515233654993	38740000	38520000
CH0042615283	CHF	247	288	17579	25283	350.9869730928949	238.10465530198158	6170000	6020000
CH0003671440	CHF	199	209	7513	8714	1456.1426860109143	1237.0897406472343	10940000	10780000
CH0011108872	CHF	169	159	5466	4896	4729.235272594219	5269.607843137255	25850000	25800000
CH0210483332	CHF	984	1013	64867	74380	178.05663896896726	153.67034148964777	11550000	11430000
CH0190891181	CHF	194	131	15620	11606	395.64660691421255	529.8983284508013	6180000	6150000
CH0022427626	CHF	120	88	457	312	405689.2778993435	591025.641025641	185400000	184400000
CH0371153492	CHF	219	255	15482	17562	384.6402273608061	336.23733060015945	5955000	5905000
CH0010702154	CHF	207	157	3116	2795	9066.110397946084	9821.109123434704	28250000	27450000
CH0100837282	CHF	138	191	3584	4340	5351.5625	4387.096774193548	19180000	19040000
CH0273774791	CHF	127	294	833	6695	78391.35654261705	9693.801344286781	65300000	64900000
CH0006372897	CHF	207	233	754	741	349469.49602122017	349527.665317139	263500000	259000000
CH0023868554	CHF	215	285	28176	53988	95.293867120954	48.992368674520264	2685000	2645000
CH0011029946	CHF	241	185	1874	2208	40021.344717182496	33695.65217391304	75000000	74400000
CH0363463438	CHF	102	59	28144	14968	54.896247868106876	102.15125601282736	1545000	1529000
CH0030380734	CHF	256	295	14152	17746	577.303561334087	453.0598444719937	8170000	8040000
CH0012627250	CHF	331	491	12802	37872	2109.0454616466177	712.9277566539924	27000000	27000000
CH0003541510	CHF	227	126	986	563	133468.5598377282	233037.30017761988	131600000	131200000
CH0012829898	CHF	207	207	1798	1713	51557.285873192435	53356.684179801516	92700000	91400000
CH0030486770	CHF	301	218	7926	5949	2996.4673227353014	3916.6246427971087	23750000	23300000
GB00B033F229	GBX	1129	1198	2967499	4537180	2.724179519521321	1.737643205691641	8084000	7884000
CH0360826991	CHF	177	175	6958	6486	2624.3173325668295	2787.5423990132595	18260000	18080000
NL0011832936	CHF	222	216	18476	18072	285.23489932885906	287.7379371403276	5270000	5200000
CH0244017502	CHF	143	201	1140	1750	60263.15789473684	38742.857142857145	68700000	67800000
CH0225173167	CHF	213	411	15921	39633	450.03454556874567	178.38669795372542	7165000	7070000
CH0002432174	CHF	280	294	4144	3471	8764.478764478765	10354.364736387208	36320000	35940000
CH0011432447	CHF	192	344	21233	36335	206.51815570103142	118.34319526627219	4385000	4300000
CH0212255803	CHF	168	106	7573	7320	1056.384523966724	1090.1639344262296	8000000	7980000
CH0238627142	CHF	256	145	6890	4096	3069.66618287373	5126.953125	21150000	21000000
CH0012684657	CHF	466	378	632649	125009	12.329111403005458	62.475501763873	7800000	7810000
CH0130293662	CHF	210	257	13636	15490	835.2889410384277	728.8573273079406	11390000	11290000
CH0038389992	CHF	181	181	18280	26765	341.3566739606127	232.3930506258173	6240000	6220000
CH0531751755	CHF	541	277	118394	51855	75.29942395729513	170.1860958441809	8915000	8825000
CH0025536027	CHF	213	265	2268	3167	19686.94885361552	13988.001263024944	44650000	44300000
CH0127480363	CHF	257	196	11218	6905	1050.098056694598	1674.149167270094	11780000	11560000
CH0019107025	CHF	113	115	2070	2092	8888.888888888889	8819.311663479924	18400000	18450000
FR0000120172	EUR	0	34	0	1598	0	1282.8535669586984	0	2050000
CH0024590272	CHF	243	183	6821	4461	2633.0450080633336	3918.4039453037435	17960000	17480000
GB00B4Y7R145	GBX	247	175	934948	764938	6.9843456534481065	8.458201841194972	6530000	6470000
CH0008837566	CHF	282	428	8325	23138	1984.3843843843845	710.5194917451811	16520000	16440000
GB0031215220	GBX	195	155	75617	62355	1048.4414880251795	1253.147301740037	79280000	78140000
ES0167050915	EUR	0	34	0	170	0	16117.64705882353	0	2740000
AT0000652250	EUR	1	0	900	0	2505.5555555555557	0	2255000	0
GB00B23K0M20	GBX	101	210	970713	2993435	2.6763832358276853	0.8565410640284489	2598000	2564000
AT0000BAWAG2	EUR	0	22	0	242	0	24876.03305785124	0	6020000
FR0000131757	EUR	0	34	0	408	0	34558.82352941176	0	14100000
GB00BYQB9V88	GBX	119	134	138253	141376	130.34075209941196	126.61272068809416	18020000	17900000
NL0012650360	GBX	159	130	10607	22318	19044.02752899029	8997.221973295098	202000000	200800000
GB0031743007	GBX	683	1148	100468	141127	1792.1129115738345	1265.881085830493	180050000	178650000
GB00B0744B38	GBX	1116	969	113213	83195	2777.9495287643645	3761.0433319310055	314500000	312900000
GB0030913577	GBX	1014	1239	1667216	1773279	9.542854675099088	8.876211808745268	15910000	15740000
GB0001367019	GBX	1321	1398	597591	676585	80.13842243273409	70.19073730573395	47890000	47490000
GB0002875804	GBX	1898	2023	271941	282822	1231.333267142505	1172.468902702053	334850000	331600000
DE0005664809	EUR	0	34	0	170	0	17794.117647058825	0	3025000
GB0007980591	GBX	2679	2755	3114624	3361926	13.979215468705052	12.75013191843009	43540000	42865000
DE0005550636	EUR	0	34	0	850	0	6823.529411764706	0	5800000
CH0126673539	CHF	183	274	10655	18948	719.3805725011731	402.68102174371967	7665000	7630000
FR0000131104	EUR	68	68	1292	1088	3715.170278637771	5551.470588235294	4800000	6040000
DE0005313704	EUR	34	0	510	0	22156.86274509804	0	11300000	0
GB00BLWDVP51	GBX	215	171	33450	53060	2630.792227204783	1630.2299283829627	88000000	86500000
GB00BYT18307	GBX	169	313	44131	81791	3734.3364075139925	1953.7601936643396	164800000	159800000
GB00B4YZN328	GBX	161	185	510619	494679	13.082161063336851	13.402630796941047	6680000	6630000
GG00BPFJTF46	GBX	403	320	68424	41043	3997.1355080088856	6615.013522403333	273500000	271500000
CH0360674466	CHF	285	400	21423	36428	338.18792886150396	193.94421873284287	7245000	7065000
DE0005190003	EUR	102	102	9316	6324	772.86389008158	1372.549019607843	7200000	8680000
DE000BAY0017	EUR	136	136	4148	12954	1229.5081967213114	463.10020071020534	5100000	5999000
GG00B8P59C08	GBX	76	245	108046	217023	189.27123632526886	92.06397478608258	20450000	19980000
GB00B41H7391	GBX	213	206	241406	235034	161.96780527410255	164.8697635235753	39100000	38750000
DE000BASF111	EUR	546	102	11469	6358	384.3403958496817	737.6533501100976	4408000	4690000
GB0000811801	GBX	1564	1404	711881	745598	69.11267473074854	65.19599033259209	49200000	48610000
JE00BYVQYS01	GBX	152	224	327070	349251	54.00984498731159	50.13586217362298	17665000	17510000
GB0031348658	GBX	2349	2659	3837130	4150139	4.502323351046225	4.110705689616661	17276000	17060000
GB00BD3VFW73	GBX	336	355	517860	601786	45.68802379021357	38.91748894125154	23660000	23420000
GB0003308607	GBX	242	261	25709	27354	11824.652845307091	11044.088615924546	304000000	302100000
GB00BLDYK618	GBX	1263	1197	328808	293336	277.6088173037152	308.5199225461587	91280000	90500000
GB0030232317	GBX	140	241	61193	68553	737.6660729168369	648.2575525505813	45140000	44440000
IE00B00MZ448	GBX	125	155	63991	66210	1312.6845962713508	1254.7953481347229	84000000	83080000
GB00BWFGQN14	GBX	890	911	23187	22858	50157.41579333247	50179.36827368974	1163000000	1147000000
GB00B5ZN1N88	GBX	954	874	464629	247511	231.36739204827938	429.0718392313877	107500000	106200000
ES0113900J37	EUR	68	102	3400	20808	58.8235294117647	15.13840830449827	200000	315000
GB00B0YG1K06	GBX	189	222	600528	644153	8.617416673327472	7.82422809487808	5175000	5040000
ES0113211835	EUR	34	34	714	714	455.18207282913164	791.3165266106442	325000	565000
GB0004915632	GBX	193	130	470324	359883	16.22285913540453	21.229121686770423	7630000	7640000
GB0008220112	GBX	898	901	746779	728560	39.59672138611289	39.77709454265949	29570000	28980000
GB0002652740	GBX	391	250	46416	38055	5872.974836263357	7010.905268690054	272600000	266800000
LU1072616219	GBX	1201	1156	690456	635907	59.91692446730856	64.67926913841175	41370000	41130000
GB00BVYVFW23	GBX	918	1016	342750	392175	192.5601750547046	167.7312424300376	66000000	65780000
GB00B132NW22	GBX	182	204	253003	233505	92.72617320743232	99.18417164514679	23460000	23160000
GB0002634946	GBX	1249	1654	440280	614799	179.34041973289726	126.38276900255205	78960000	77700000
GB0009697037	GBX	153	320	137587	241215	244.3544811646449	137.88528905747984	33620000	33260000
GB0006928617	GBX	611	585	181231	168080	648.3438263873178	690.1475487862922	117500000	116000000
FR0000120628	EUR	34	0	1530	0	1437.9084967320262	0	2200000	0
GB0007973794	GBX	230	140	446584	308611	39.74616197624635	57.191739763002616	17750000	17650000
IT0003506190	EUR	36	0	77000	0	29.506493506493506	0	2272000	0
GB0009895292	GBX	1744	1663	107596	99976	9972.489683631362	10536.528766904057	1073000000	1053400000
GB00B1JQBT10	GBX	168	310	1204445	1990635	2.0424344822719176	1.2357865706169138	2460000	2460000
GB0006731235	GBX	1122	1007	171100	147720	972.530683810637	1114.9471974004873	166400000	164700000
NL0010273215	EUR	0	130	0	3030	0	18316.831683168315	0	55500000
GB0000536739	GBX	1215	1422	60955	76239	7553.112952177836	5975.944070620024	460400000	455600000
LU1598757687	EUR	0	34	0	18428	0	179.07532016496634	0	3300000
BMG4593F1389	GBX	305	218	89027	69500	1032.0464578161682	1316.2589928057555	91880000	91480000
DE0006048408	EUR	0	102	0	5542	0	1226.993865030675	0	6800000
IM00B5VQMV65	GBX	882	876	164461	220183	861.9064702269839	617.8951145183779	141750000	136050000
GB0000456144	GBX	819	848	168911	180508	692.080444731249	626.5650275888049	116900000	113100000
GB00BCKFY513	GBX	97	114	581379	909413	7.164001451720822	4.546889037214115	4165000	4135000
BE0974293251	EUR	68	136	4080	2244	1102.9411764705883	2669.3404634581107	4500000	5990000
ES0130625512	EUR	0	34	0	952	0	383.4033613445378	0	365000
GB00B1XZS820	GBX	1881	1767	146925	141394	2068.74255572571	2078.5889075915525	303950000	293900000
CH0016440353	CHF	309	314	2271	2544	33641.56759136944	29579.40251572327	76400000	75250000
CH0022268228	CHF	298	194	153189	93194	5.215779200856458	8.358907225787068	799000	779000
CH0011795959	CHF	226	283	2190	3114	20936.07305936073	14466.923570969813	45850000	45050000
DK0060094928	DKK	0	31	0	1581	0	56293.48513598988	0	89000000
ES0109067019	EUR	1	1	5	5	1131200.0	1134800.0	5656000	5674000
GB00B62G9D36	GBX	350	145	1469219	305434	9.739868596853158	46.26204024437358	14310000	14130000
GB0000904986	GBX	233	231	29241	33238	8057.179987004549	7013.057344003851	235600000	233100000
GB00BYQ0JC66	GBX	391	390	197744	532361	304.4340156970629	111.57842140953225	60200000	59400000
DE0008404005	EUR	102	68	18530	1496	960.6044252563411	13368.98395721925	17800000	20000000
CH0110240600	CHF	253	283	70333	78265	20.417158375158177	17.990161630358397	1436000	1408000
BMG3682E1921	NOK	87	65	71600	56800	151.53631284916202	189.96478873239437	10850000	10790000
FR0000120073	EUR	0	34	0	2074	0	8775.313404050145	0	18200000
DE000A1PHFF7	EUR	34	102	1734	5984	2768.166089965398	985.9625668449198	4800000	5900000
FR0013227113	EUR	0	34	0	170	0	124705.88235294117	0	21200000
SE0007871645	SEK	0	33	0	77088	0	149.43960149439602	0	11520000
CH0005795668	CHF	170	194	1881434	1809159	0.014616510597767448	0.015062247154617145	27500	27250
CH0038388911	CHF	59	81	3163	4080	2037.6225102750552	1568.6274509803923	6445000	6400000
CH0012549785	CHF	327	238	5542	4396	6181.88379646337	7720.655141037307	34260000	33940000
CH0021218067	CHF	106	47	2903203	1903154	0.0033101371140771075	0.005028494803888703	9610	9570
CH0012453913	CHF	254	320	16515	89697	512.7459884953073	90.92834765934201	8468000	8156000
CH0009002962	CHF	342	350	1889	2183	111064.05505558496	94365.55199267063	209800000	206000000
CH0043238366	CHF	283	404	1063028	1563276	0.10836967605745099	0.07222013259334883	115200	112900
CH0012410517	CHF	335	369	16329	26731	975.5649458019475	591.8222288728442	15930000	15820000
CH0102659627	CHF	193	278	317919	635804	0.32964371427942335	0.1638869840391064	104800	104200
CH0025751329	CHF	1084	963	87259	72354	63.695435427864176	75.54523592337674	5558000	5466000
CH0000816824	CHF	367	267	196378	155783	3.9693855727219955	4.949192145484424	779500	771000
GB00B2PDGW16	GBX	178	143	37608	30905	4019.091682620719	4806.665588092542	151150000	148550000
CH0024638196	CHF	256	285	8689	9842	2120.4971803429626	1831.9447266815687	18425000	18030000
CH0319416936	CHF	332	383	11982	12296	1392.0881321982974	1345.152895250488	16680000	16540000
GB00B02J6398	GBX	872	758	114093	94095	1996.6167950706879	2382.6983367872895	227800000	224200000
DE000A1EWWW0	EUR	0	34	0	2618	0	7257.448433919022	0	19000000
CH0012138605	CHF	297	243	37232	31705	91.37301246239794	105.91389370761709	3402000	3358000
IE00BD1RP616	EUR	82	68	59485	49590	10.079852063545431	11.703972575115952	599600	580400
NL0011540547	EUR	102	0	7786	0	132.93090161828923	0	1035000	0
GB00BMJ6DW54	GBX	857	1023	357623	460478	164.53080478604565	126.9550336823909	58840000	58460000
GB00B8HX8Z88	GBX	194	194	128755	108867	386.62576210632596	454.6832373446499	49780000	49500000
IE00BWT6H894	GBX	1139	926	64821	52906	16530.136838370283	18967.60291838355	1071500000	1003500000
CH0012221716	CHF	1097	1197	302658	352365	9.5421234528742	8.12793552140536	2888000	2864000
GB00B1YW4409	GBX	822	832	162509	164247	773.8032970481635	760.7444884838079	125750000	124950000
